3.6698980331,0.5978825688,224.5546875,14.0200386047,2015.0600585938,93.0391693115,2770.4765625,109.6783370972,11564.71484375,332.3551635742,11465.046875,262.3564147949,6456.388671875,119.4266281128,2220.5341796875,40.3032646179,2.1959466934,0.0402721576,0.3006303906,0.0057072709,0.0306823552,0.0016985963,0.0436179489,0.0017546071
1.5427961349,0.1564305276,56.83203125,23.6382083893,781.3669433594,24.5515651703,1896.1176757813,50.6303863525,11984.828125,176.244934082,10086.087890625,158.6219787598,7313.52734375,78.2638778687,2649.5170898438,26.0125465393,2.7378790379,0.0247542169,0.4549257159,0.0034898086,0.1197360381,0.0019381504,0.1404946148,0.0020353042
54.1480178833,8.2539272308,11916.828125,521.2914428711,201809.953125,8426.4892578125,358469.65625,14770.2783203125,732329.3125,29242.900390625,769668,30999.056640625,227844.515625,8014.8862304688,62614.2890625,2172.1665039063,54.598865509,1.896672368,7.8533644676,0.2672507763,1.8250380754,0.0693148449,2.2661709785,0.0764210373
65.0092468262,6.8076934814,15349.76953125,412.1056213379,360814.6875,5943.1791992188,519795.09375,10672.8759765625,1042429.25,22939.6875,1134509.75,24362.2734375,290572.78125,6665.90625,77529.859375,1829.0893554688,67.0380554199,1.6034963131,9.4364814758,0.2265435755,2.3088185787,0.0559130497,2.7114229202,0.0624989644
76.5373458862,7.3521809578,18275.9921875,525.1489868164,371677.40625,6637.1967773438,576789.625,12325.8046875,1251420.5,28457.564453125,1369173.25,30334.744140625,349429.59375,7726.0258789063,95903.21875,2114.0983886719,83.4358596802,1.8596556187,11.5337753296,0.261982739,2.8446414471,0.0664833933,3.163766861,0.068895027
60.7714767456,9.5312700272,25982.7265625,559.9942626953,810341.375,8974.0615234375,761670.625,15258.4267578125,1042009.4375,33449.12890625,1056344.5,35551.703125,263908.9375,9023.3525390625,71021,2494.4267578125,62.0688667297,2.2051758766,9.1674995422,0.3100240529,3.1695234776,0.0769696683,3.8991007805,0.0833710358
19.5275497437,9.870965004,8836.69921875,555.5811767578,207413.09375,8570.19140625,243970.65625,11981.1025390625,418864.375,27639.72265625,472365.3125,28906.791015625,116571.3125,8463.95703125,33577.05859375,2287.7580566406,30.9201812744,1.9703763723,4.5354075432,0.2764007151,0.8465299606,0.0625583157,0.7875783443,0.070630312
3.1711244583,0.4593973458,300.15625,31.9401721954,813.25,64.3300476074,2020.75390625,145.4490661621,17667.859375,466.9743347168,17673.78125,506.9990539551,14951.3125,274.7510681152,5297.853515625,93.6964263916,5.3620948792,0.0914074853,0.796480298,0.0126509592,0.2011931539,0.0028281424,0.1961330175,0.0027030981
-4.4695205688,1.3626611233,2837.97265625,88.1792221069,90988.6875,844.0594482422,87704.8828125,1388.3723144531,98343.9375,5163.7573242188,87997.125,5132.4267578125,35803.7578125,905.9146728516,13051.46875,274.4480895996,12.4676933289,0.255123198,1.5797951221,0.0335690789,0.3946310282,0.0085503682,0.3362563252,0.0065696123
111.9124450684,7.1503405571,29816.134765625,433.9201965332,758859.25,5088.5717773438,1084723.25,9514.150390625,1900167.5,20219.912109375,1953978,21148.48828125,443815.3125,5471.9838867188,119168.9296875,1530.1820068359,105.5723648071,1.3879547119,14.7313747406,0.1954377741,4.0622186661,0.0512234606,4.1426019669,0.0483335517
15.9525222778,10.3231477737,3931.001953125,449.567565918,59156.6796875,3372.5439453125,94354.6015625,5926.7622070313,228873.34375,20278.37109375,233816.375,21130.62890625,100318.5234375,4213.6928710938,31826.30078125,1275.9298095703,30.8555583954,1.194342494,4.5114769936,0.152593866,1.0926764011,0.0484185256,1.1155662537,0.0266542304
63.2786865234,6.7427968979,10616.869140625,240.7443695068,178778.75,2280.8161621094,326273.4375,5261.6401367188,694596.25,14427.3583984375,740632.25,15369.583984375,216577.34375,4981.7182617188,61191.96484375,1480.3186035156,55.686706543,1.3838409185,7.6660175323,0.1952915639,2.1024959087,0.0497284941,1.914182663,0.0450704545
4.5263137817,4.52E+00,988.44140625,1.72E+02,26359.720703125,1.21E+03,30614.3046875,2.54E+03,51795.984375,8.53E+03,50806.96875,8.98E+03,26516.2265625,3.02E+03,8379.41796875,9.54E+02,7.8581027985,9.22E-01,1.1468296051,1.29E-01,0.3258252144,3.44E-02,0.3222313523,2.65E-02
41.9941482544,5.07E+00,7412.537109375,2.11E+02,151957.09375,1.85E+03,198541.34375,4.08E+03,445041.5625,1.09E+04,483062.90625,1.14E+04,150967.484375,3.99E+03,44793.20703125,1.20E+03,41.8926887512,1.13E+00,5.8419923782,1.60E-01,1.6353815794,4.27E-02,1.4549274445,3.75E-02
40.0591087341,4.53E+00,6538.505859375,1.86E+02,76876.109375,1.16E+03,137848.15625,3.18E+03,337031.21875,9.14E+03,342018.5625,9.49E+03,117793.75,3.25E+03,35348.84765625,9.80E+02,33.1005935669,9.23E-01,4.5668697357,1.27E-01,1.3019000292,3.46E-02,1.0571861267,2.82E-02
17.7972946167,3.17E+00,3678.529296875,1.38E+02,48303.2421875,1.01E+03,86500.03125,2.25E+03,178433.84375,6.30E+03,176188.5,6.44E+03,61548.28125,2.31E+03,18882.1796875,7.02E+02,18.2471466064,6.65E-01,2.6582794189,9.26E-02,0.7540590763,2.45E-02,0.7190961242,2.07E-02
13.5483703613,2.3607065678,2865.09375,78.002571106,25461.65234375,587.3998413086,47255.59375,1314.9730224609,129028.03125,3854.2463378906,126026.65625,3783.9572753906,47423.5859375,1635.3388671875,14639.103515625,516.6887207031,13.9198932648,0.4972700775,1.8957324028,0.0706333145,0.4244219065,0.0184995867,0.3814991117,0.015796518
8.3466758728,1.5402855873,1390.04296875,74.7925796509,45237.38671875,635.0005493164,47777.171875,1101.0135498047,98597.78125,2916.908203125,87568.390625,2944.9621582031,31044.0078125,1154.8179931641,9593.2890625,356.7897338867,9.2275428772,0.3383364975,1.3505380154,0.0460155867,0.3923623562,0.0116171828,0.3519282937,0.0092127658
7.9808349609,1.4763367176,2006.6845703125,60.6544189453,19355.515625,245.9284667969,31647.94921875,480.7135314941,77133.71875,2062.7216796875,77189.96875,2106.9575195313,29681.546875,906.5079956055,9232.951171875,281.7241821289,8.8077125549,0.2709114254,1.269058466,0.0384198278,0.3358306885,0.0104639651,0.3085823059,0.008371193
2.0649261475,1.403375864,248.169921875,83.9288787842,8445.806640625,356.859375,12155.0234375,1049.3728027344,23918.90625,2476.4228515625,21918.90625,2424.0681152344,3735.0703125,962.0180053711,1274.796875,302.3489379883,1.3828678131,0.292614162,0.1964495182,0.0413164571,0.1243351102,0.0122195454,0.0689928532,0.0095775593
1.7361049652,2.0432984829,-5899.4267578125,206.8077697754,9427.916015625,1122.1273193359,21786.71484375,1997.6872558594,43437.5625,4192.2348632813,41268.8125,4233.8046875,16368.3515625,1745.3482666016,5223.40625,575.6546020508,5.1739940643,0.5757852197,0.7277257442,0.081655398,0.184892416,0.0248047225,0.1722400188,0.0189712439
6.268573761,1.9869024754,989.611328125,133.1268463135,43313.7890625,2509.7846679688,46002.5703125,3716.0922851563,92548.34375,6009.3471679688,90243.3125,5614.3896484375,35481.53125,1584.2799072266,11382.04296875,476.5346984863,11.1620063782,0.4491716921,1.6795315742,0.0638039857,0.5828266144,0.0149768563,0.5272817612,0.0144146532
3.4659423828,2.7966115475,2307.052734375,125.6867904663,59420.828125,1588.9536132813,71374.390625,2580.3122558594,110386.125,6360.736328125,100632.84375,6406.6181640625,25991.703125,2453.498046875,7552.66015625,789.7849731445,7.0902786255,0.7828902602,1.0338406563,0.1172948331,0.2852091789,0.0357187875,0.2826168537,0.0343326256
3.6832275391,3.0184938908,8858.119140625,216.3628540039,289203.4375,4852.0771484375,357210.125,6723.3598632813,417674.25,8699.689453125,377944.09375,8228.3134765625,97894.8125,2496.9194335938,28209.00390625,766.0021362305,26.737071991,0.7447922826,4.070505619,0.1072214916,1.5590307713,0.0371725224,1.751110673,0.0359234847
4.8239402771,1.1874251366,1341.982421875,41.0013504028,32557.974609375,455.5819396973,40915.78515625,684.8074951172,74384.625,1585.8572998047,72412.9375,1700.8935546875,32284.546875,732.6708984375,10966.6171875,259.8992004395,11.155834198,0.2680562437,1.7365102768,0.0392728038,0.4581733942,0.012196837,0.51502949,0.0094916122
0.4591903687,1.9549864531,1219.546875,45.3000640869,7111.220703125,244.5182189941,11783.787109375,576.4774169922,15705.7578125,2055.0729980469,15478.96875,2322.5183105469,5785.1796875,1089.70703125,1890.44140625,382.7262878418,1.9652910233,0.3926317096,0.3080227375,0.0553464368,0.1172956824,0.0150727266,0.1154902577,0.0102504594
2.0634174347,0.4695552289,308.0546875,13.6503992081,7143.9169921875,183.7811431885,9139.66015625,250.1060638428,14155.4296875,423.9138793945,15251.21875,465.4302062988,6012.24609375,219.6287078857,2046.3671875,79.854637146,2.0585708618,0.0845969841,0.2933080196,0.0133342864,0.0821610093,0.0031460831,0.0505654216,0.004163696
-3.2308387756,0.5588348508,606.0625,22.1922550201,15486.529296875,170.4383850098,20040.63671875,308.9477844238,26328.953125,842.2112426758,24364.1015625,952.7634887695,5264.09765625,442.5591125488,1574.943359375,161.1504516602,1.5162353516,0.1721089631,0.1472654343,0.0256212801,0.1027695537,0.0081839263,0.1014426351,0.0056527276
1.5602254868,0.9462932348,785.0244140625,28.9335098267,14278.1708984375,166.8769683838,20228.09375,373.8403015137,38483.4453125,1355.4979248047,37391.5703125,1512.2288818359,12364.4453125,704.5122070313,4080.8330078125,250.4757385254,4.1240272522,0.2597341537,0.5737156868,0.0366084315,0.1532713771,0.0103230551,0.1240867376,0.0069861137
5.2563209534,0.709107101,2059.4658203125,31.8008995056,33302.66015625,151.1250762939,38041.75390625,336.1720275879,67856.6796875,1031.2894287109,69423.6875,1131.9567871094,23294.30859375,436.9361572266,6959.921875,152.9097442627,6.6726961136,0.160139218,0.9836804867,0.0240796432,0.2655523419,0.0076978346,0.2719593346,0.0058005648
7.523563385,0.5795007944,795.390625,60.6778373718,6449.05859375,836.2809448242,11035.1640625,1004.7144165039,33066.9375,2247.18359375,32639.203125,2204.4697265625,11442.296875,765.7917480469,3618.08203125,249.9569549561,3.5058612823,0.2546152472,0.499134779,0.0400906987,0.0955036879,0.0107884426,0.0984452367,0.0110525005
-4.8909091949,0.8885464668,1382.501953125,70.9689941406,50912.921875,459.0022888184,49628.4375,775.2865600586,75923.875,2004.6092529297,65213.96875,2008.306640625,17781.921875,750.9260253906,5339.740234375,245.3476867676,5.0755958557,0.2461262494,0.7343826294,0.0371805914,0.1531000137,0.0094565712,0.1949984431,0.0090253465
-2.6138629913,0.6024339199,1750.2255859375,18.5291957855,67439.71875,156.8770599365,68028.453125,212.4216766357,80695.3515625,550.0059204102,74179.859375,682.5416870117,16271.97265625,460.7911987305,4763.56640625,177.8294677734,4.6856632233,0.1944227666,0.7688195705,0.0296492558,0.3817656636,0.0077557298,0.4833214283,0.0062224278
0.6247339249,0.1406332105,385.5517578125,8.4817943573,7479.31640625,28.6213989258,9918.056640625,74.6636734009,18894.08984375,250.8895263672,15871.60546875,176.5594787598,5399.2548828125,115.3877944946,1791.3120117188,40.1287536621,1.8397979736,0.0418753438,0.2965754271,0.0068987361,0.1002280712,0.0031677859,0.0947507322,0.0029475025
2.054810524,0.2751154006,251.5458984375,13.8448762894,1191.3315429688,34.3295097351,3645.337890625,80.2950820923,18621.15625,337.8318481445,16674.7421875,322.9519042969,16491.90234375,198.5459747314,6127.2041015625,63.5707054138,6.3247375488,0.0640837327,1.0344865322,0.011576145,0.2307420969,0.0049446062,0.2961479127,0.0048576244
6.3979558945,0.8247712851,4663.4326171875,44.9717826843,219489.921875,564.0843505859,185007.765625,981.3762817383,224469.59375,2070.611328125,209000.625,2100.0866699219,46361.203125,633.3692016602,13919.4140625,213.6203308105,13.4667434692,0.2202841043,2.0698232651,0.0337657258,0.7917256355,0.0115842521,0.8815920949,0.0110138347
6.6867408752,1.08357656,1398.4873046875,34.8291816711,7198.263671875,208.8948974609,12443.44921875,406.1104125977,42959.1328125,1116.3880615234,48725.84375,1183.8996582031,23542.89453125,553.9674682617,7812.611328125,193.0517272949,7.8420352936,0.1982314587,1.1718606949,0.0275690816,0.2781977057,0.0082683777,0.2844578028,0.0054545784
3.1567354202,0.3916899264,650.5234375,18.1646785736,18457.91015625,59.9267578125,17854.08203125,111.758430481,32620.0546875,468.5317687988,32274.4453125,454.3755493164,14463.67578125,224.5852203369,5337.4130859375,75.8116531372,5.748167038,0.0777944177,0.9304795265,0.012803765,0.3168256879,0.0050807525,0.2848766148,0.0052557117
-2.1730372906,0.4174444675,63.865234375,28.8253002167,3067.548828125,34.99243927,5056.21875,80.9901046753,22838.015625,448.4559936523,23591.44921875,391.6737976074,16224.822265625,219.7167358398,6243.6987304688,79.3420257568,6.8417367935,0.0838647932,1.2498272657,0.0157008246,0.2511705756,0.0043963408,0.3805432916,0.0058027222
10.8707790375,0.451662451,1637.736328125,15.9904813766,15423.9453125,99.271812439,24904.8828125,209.0831451416,69787.5078125,767.5477294922,69611.453125,722.477722168,24138.90234375,343.0217285156,7947.8686523438,113.5193939209,8.1604814529,0.1137868986,1.3100001812,0.0170232616,0.2795718014,0.0050740666,0.3396685123,0.0045487718
-2.01658988,0.7536537051,555.576171875,16.2245178223,10293.505859375,90.8891067505,13969.048828125,187.4275054932,27342.31640625,753.510925293,23661.2890625,695.8485717773,4154.39453125,324.951751709,1102.0439453125,107.2585449219,1.0720872879,0.1059645265,0.1949889064,0.016257884,0.0959501266,0.0050194226,0.1232765913,0.0042116237
1.1118211746,0.1291714609,1374.685546875,17.7097549438,9211.119140625,17.1678962708,14037.9599609375,37.5005836487,29902.359375,101.2731781006,21443.017578125,53.2609024048,4855.5483398438,54.3114509583,1391.3544921875,18.2545547485,1.3523476124,0.0194467828,0.2141357064,0.0039887768,0.0653031096,0.0017244045,0.0615796596,0.0018219841
-4.9617314339,0.7930682302,-1342.62109375,60.1621856689,5440.728515625,267.7098083496,5365.765625,345.2229309082,9923.29296875,873.4211425781,8486.28125,801.4114990234,3326.0078125,285.3442077637,954.5263671875,97.8194198608,0.9763851166,0.1033992246,0.140109539,0.0160994083,0.0612305105,0.0058614477,0.0767729878,0.0048482809
5.1475915909,0.3520775139,1543.20703125,22.9307918549,23976.083984375,76.2080307007,26920.419921875,138.1274108887,62606,447.6739196777,64850.375,494.4082336426,26848.580078125,225.4747619629,9415.744140625,85.2995834351,9.8097906113,0.092712,1.5088422298,0.0140661327,0.3443909287,0.004023876,0.3449343145,0.0034453308
1.6202774048,0.3135807514,239.474609375,16.0524616241,3337.1596679688,18.6286315918,4257.013671875,39.6571731567,13130.99609375,209.4090576172,12411.85546875,197.1017303467,5445.380859375,170.8715667725,1989.447265625,62.4816551208,2.0874314308,0.0654896423,0.3048661947,0.0102274064,0.0410218537,0.0026976755,0.0569204837,0.0027161648
2.9815187454,0.5414114594,556.015625,29.8697719574,3680.1103515625,78.416229248,5493.283203125,119.9471130371,16756.0234375,522.3362426758,16621.2578125,566.2509155273,8578.220703125,363.0319213867,3082.8134765625,139.8076019287,3.3028202057,0.1512511075,0.5715187788,0.0209690165,0.1965207458,0.0056090206,0.1848749518,0.0036359397
5.0322332382,0.5132966638,1805.89453125,11.5889472961,28254.736328125,64.0119552612,32992.7421875,124.4378814697,70805.8984375,437.9110107422,70025.96875,457.7188110352,27606.0703125,275.1353149414,9510.4365234375,103.0215377808,9.864320755,0.110666506,1.4820878506,0.0164079722,0.4129340649,0.0046725492,0.3821597695,0.0037007423
0.7392230034,0.6108912826,57.154296875,37.9229393005,1597.8413085938,49.3441047668,2131.2783203125,101.8492584229,13976.38671875,334.1898193359,15488.44140625,304.2056274414,7988.7294921875,166.1387634277,2498.900390625,52.7604103088,2.4511361122,0.0503532328,0.3892778158,0.0067363419,0.0715877861,0.002806863,0.1041087359,0.0029248435
0.6876306534,0.7394865751,1207.36328125,21.7605895996,19917.88671875,102.5603485107,16640.357421875,239.8229064941,31606.9453125,748.3544921875,30181.6875,765.8545532227,9942.95703125,494.8741455078,3058.59375,186.4259338379,2.9732952118,0.2024878711,0.436914444,0.0312811248,0.1024962068,0.0093347821,0.1009588838,0.0077203745
1.7459149361,0.3434588909,630.921875,14.6410083771,6149.5034179688,92.9664001465,10618.4970703125,204.0856018066,29110.578125,886.6628417969,28781.3984375,887.7675170898,10389.3203125,497.9983825684,3428.0595703125,185.084197998,3.4736690521,0.195876509,0.6034002304,0.0297492463,0.1904745996,0.0074343951,0.233931005,0.0067070634
-0.6964564323,0.4187599421,723.404296875,21.9390945435,10017.1328125,82.4983520508,13461.3203125,197.8468017578,32962.3515625,831.4307861328,32635.21484375,856.754699707,19087.794921875,402.1844787598,6844.76953125,145.6966552734,7.0772371292,0.1540706903,1.1364051104,0.0232245233,0.2509962916,0.0068890234,0.3008346856,0.0059028589
3.7066297531,0.4080086648,570.841796875,16.9382629395,3006.703125,53.870098114,6468.373046875,112.1401977539,21117.41796875,360.3466186523,21677.5625,364.6409912109,11107.888671875,219.3635101318,3717.1948242188,73.3908843994,3.7245016098,0.073094666,0.5432239175,0.0115481336,0.0853903592,0.0042137727,0.1019469053,0.004987827
-0.6731023788,0.5977292657,788.263671875,27.259437561,4057.5087890625,84.0871047974,7427.263671875,152.4176177979,17827.52734375,539.8469848633,17297.375,586.4352416992,7397.47265625,330.434753418,2478.7099609375,130.0863952637,2.5110864639,0.1435664147,0.3660125732,0.0225960482,0.1132231355,0.0083120968,0.0840367973,0.0067039756
34.9743804932,0.8532577753,17784.833984375,39.6397018433,372453.96875,228.4626922607,266577.375,425.5020751953,380483.6875,1832.0726318359,380649.78125,1875.5994873047,102077.40625,504.1453857422,28064.201171875,161.8193206787,25.724193573,0.1613565236,4.0871648788,0.0253812131,1.5855728388,0.0077809109,1.9178460836,0.0071877376
0.9431886673,0.1925862432,226.388671875,19.0739116669,6561.8950195313,43.6097946167,10417.9208984375,67.9375762939,24533.4296875,267.4716491699,22373.37890625,259.6986694336,6407.87890625,125.7113723755,2075.072265625,45.8255996704,2.183555603,0.04978,0.383906126,0.0085867736,0.1723831892,0.0036921336,0.1526607871,0.0032714482
1.7624464035,0.1222726777,1048.8349609375,16.6676616669,39984.4140625,42.7936897278,26445.5234375,45.6392860413,64101.765625,141.4234161377,70407.28125,148.0017089844,22640.408203125,117.735786438,7306.7543945313,45.0064544678,7.3108520508,0.0508705303,1.1685183048,0.0105165737,0.2415578961,0.0041762735,0.3068393469,0.0045826463
3.5061445236,0.3808338344,519.3154296875,19.7583751678,4495.2553710938,57.7196769714,6897.0732421875,119.6387481689,18419.08984375,472.1642150879,18031.10546875,478.5408630371,8476.505859375,313.9078979492,3107.3662109375,119.9883346558,3.2657022476,0.1287479699,0.4481563568,0.0177369695,0.1076216698,0.0039223796,0.0544081628,0.0028660947
1.705075264,0.1950324625,291.1513671875,14.5707912445,2441.1708984375,17.6755504608,4261.060546875,37.5450248718,14699.1796875,162.0820465088,14035.5078125,125.151260376,8003.34375,113.777015686,2817.5346679688,40.5970535278,2.8434743881,0.0406057537,0.3868300319,0.0052474677,0.076127708,0.0012667568,0.0618655384,0.0011780625
3.4292001724,0.4328400493,347.7138671875,16.9494190216,1894.1137695313,59.1040802002,3773.130859375,141.1285400391,16980.12890625,635.4600830078,17894.22265625,626.9535522461,10817.279296875,333.2449645996,4131.154296875,124.897605896,4.5211429596,0.1338885128,0.7363910675,0.0195048396,0.229311347,0.0057175695,0.1805149615,0.0039109848
5.4516057968,0.438107878,1086.458984375,20.4485263824,8159.0571289063,53.9789390564,14102.322265625,146.3018951416,36926.71875,532.2530517578,39439.83203125,508.0572509766,17387.73046875,286.5737609863,6085.669921875,104.2763748169,6.2176589966,0.1106305793,0.8231093884,0.0173384286,0.1777291894,0.0058536902,0.107601881,0.0047064251
-0.5734343529,0.455522716,757.0595703125,21.7629394531,3055.2685546875,78.5020446777,6555.708984375,191.42237854,16734.22265625,632.6184082031,16837.12109375,656.5771484375,7280.564453125,370.3558654785,2475.8266601563,141.8145141602,2.5394363403,0.1538794041,0.3789323568,0.0215066671,0.1038021743,0.0060853842,0.1013502181,0.0040376941
-0.1771683693,0.4299793243,367.2490234375,5.6195850372,9183.3349609375,45.2200393677,10510.3828125,107.3692398071,16551.0859375,442.4980773926,15654.041015625,436.2443237305,3881.044921875,278.2925109863,1241.6264648438,107.4274215698,1.2434034348,0.1174385101,0.1778367758,0.0173735265,0.0518032908,0.0055721817,0.0501645803,0.0039738966
3.3484172821,0.1545903534,214.6796875,6.1719675064,730.0053710938,28.1045665741,2698.078125,62.5126266479,10878.06640625,157.3266601563,8490.123046875,119.0376205444,3940.9443359375,57.0140037537,1326.1137695313,20.3924407959,1.3166515827,0.0215655882,0.1929061413,0.0036686342,0.0558044612,0.0025293615,0.0457092077,0.0025089509
7.0181798935,0.458933264,1262.400390625,9.777589798,12962.9423828125,90.1979370117,19610.04296875,175.3764343262,48913.7421875,662.5167236328,47894.78125,704.4727783203,17842.439453125,339.0540771484,5981.8251953125,121.5466308594,6.1808156967,0.1269404441,0.9676296711,0.0185614079,0.3294344842,0.0057712784,0.275267601,0.0046380451
0.5996251106,0.1014171988,328.080078125,6.0605587959,1220.2456054688,33.9990692139,3145.4633789063,79.1395263672,10240.943359375,204.6898498535,5785.814453125,141.1362609863,2700.9931640625,62.0679016113,817.087890625,20.3870429993,0.8081212044,0.0198150855,0.1243239641,0.0022757801,0.028288871,0.0021058873,0.032945469,0.0021955448
3.5082778931,1.7826516628,1247.125,40.8541221619,11498.0537109375,276.5316162109,19369.26953125,590.6849365234,49791.9296875,1809.37890625,53461.59375,2002.3060302734,21478.21484375,813.9501342773,6811.4375,283.0057983398,6.6489429474,0.2928411961,1.0757062435,0.0412288494,0.3296978474,0.0113145346,0.3380005956,0.0081371684
-0.3249969482,1.9959955215,1688.1123046875,60.1451187134,58297.03125,397.7512817383,37856.45703125,984.9575805664,61534.046875,2383.0681152344,65033.5,2491.9772949219,31398.375,1079.4987792969,10980.29296875,372.6201171875,10.5503978729,0.3820698559,1.4180343151,0.0577984788,0.3268483877,0.016006723,0.3544917703,0.0148820486
12.0490207672,1.0865319967,5125.943359375,69.7394256592,193123.265625,395.3956604004,150025.921875,742.9510498047,170991.96875,2811.2131347656,169403.984375,2888.9201660156,40911.5078125,1304.4276123047,11649.7578125,435.1984558105,11.113319397,0.4357946217,1.8151066303,0.0634304136,0.9000434875,0.0169818476,1.1506750584,0.0142767988
5.2249221802,1.5943495035,1173.84765625,72.7758560181,15279.3564453125,602.5308837891,21137.7109375,1222.8685302734,59153.21875,3438.8662109375,58518.0625,3454.4624023438,32742.6328125,1403.4582519531,11156.0078125,475.6369934082,11.1453151703,0.486792624,1.5881943703,0.0709048584,0.3335562944,0.0213565975,0.2993401885,0.0171075203
-1.3162288666,0.7979551554,550.4169921875,33.0277404785,28737.947265625,173.2962188721,20638.3125,396.0414428711,22133.8046875,1360.3734130859,21355.21875,1556.8109130859,4453.87890625,595.1919555664,1560.806640625,201.3569335938,1.6874866486,0.2042085975,0.1803805828,0.0297990851,0.0519604683,0.0089430539,0.0421833992,0.0074222554
21.3854522705,1.2630847692,5057.7216796875,60.783416748,105664.3515625,477.4075622559,151819.375,904.4721679688,279008.25,2653.4370117188,254573.71875,2859.4438476563,96959.3359375,1242.4500732422,31906.40234375,448.6842651367,31.9218826294,0.4637559056,4.6468930244,0.0652136356,1.4466336966,0.0170934219,1.2822220325,0.0123071633
21.4817047119,1.785903573,9817.78125,165.8281555176,312572.625,2408.8928222656,326737.3125,4091.9467773438,377795.53125,7409.1245117188,322597.28125,6662.2353515625,89488.453125,2039.6937255859,27411.4921875,647.1932983398,27.1451263428,0.6399133801,4.1807146072,0.0918514356,1.7176017761,0.0279791933,1.9079046249,0.0236116629
21.6864318848,1.3104258776,19247.154296875,165.5955810547,721420.375,2541.7761230469,670616.0625,3645.1015625,549671.5,6703.9272460938,454522.46875,6226.1186523438,84202.484375,1843.5932617188,24301.76953125,578.3198852539,23.7925987244,0.5667850375,4.0448307991,0.0809517503,2.2860064507,0.0247674137,2.9483323097,0.0202997755
10.1828956604,2.3526351452,3100.541015625,314.5335998535,102523.234375,4272.6977539063,118189.21875,6699.35546875,171423.125,10832.9443359375,156769.03125,9846.87109375,44100.015625,2265.3012695313,14175.546875,682.2470703125,14.2249259949,0.6684925556,2.0418844223,0.106099844,0.7405631542,0.0479424186,0.6319612265,0.0487696491
21.1713943481,2.2913751602,9394.197265625,151.3597717285,401033.625,2159.0163574219,312335.5,3326.0815429688,318730.875,6776.3837890625,292300.53125,6493.6157226563,61754.296875,2096.1286621094,18432.9375,677.3665161133,17.9100074768,0.6738502979,2.8684706688,0.096459046,1.3949891329,0.031873852,1.648886919,0.0254397858
2.9016926289,0.1940992028,215.71484375,6.3983764648,791.6721191406,20.7591114044,2176.3325195313,67.5491638184,6428.59765625,186.2850646973,3293.6005859375,95.3750610352,3738.5546875,101.1076583862,1302.2763671875,33.9014968872,1.3590540886,0.0335248746,0.2248994112,0.0045270319,0.0956910998,0.0020297032,0.0724351779,0.0018924357
-0.873046875,2.4550125599,3489.58203125,144.1179504395,70514.3203125,1493.6762695313,97848.171875,2437.8891601563,141629.53125,5848.5522460938,125714.71875,5858.5068359375,37875.7421875,2065.580078125,12024.81640625,670.1036376953,12.0988006592,0.6631935239,1.8092603683,0.0926712304,0.6552180052,0.0279821567,0.6137862802,0.0202485044
19.7988090515,2.0031888485,5544.783203125,110.1065292358,143914.21875,863.8056640625,175904.5,1907.7467041016,263460.78125,4708.99609375,237510.375,4499.5239257813,74944.890625,1640.3211669922,23338.173828125,523.1869506836,22.8229579926,0.5115075707,3.3589844704,0.0708364472,1.2049033642,0.0211493876,1.1482723951,0.0151760112
33.5405044556,3.1410009861,14091.921875,155.22605896,489717.84375,1218.5964355469,520896.28125,2660.7956542969,682280.875,7152.25390625,619312.125,7155.9614257813,151386.484375,2450.1611328125,42123.078125,740.7183227539,38.2669448853,0.7006442547,5.377427578,0.0976559147,1.8179904222,0.0262058713,1.8566758633,0.0215377212
80.7384796143,7.0963602066,14695.712890625,305.7669067383,246218.921875,3371.03125,425767.0625,7075.7685546875,823180.6875,17320.26953125,826396.6875,18020.162109375,257190.203125,5612.7255859375,75715.5625,1642.5786132813,70.238822937,1.5186363459,9.862827301,0.2104453146,2.7253878117,0.054981526,2.5662288666,0.0484948494
43.0136642456,4.8709602356,12216.01953125,242.6231536865,217519.96875,2075.1892089844,319519,4525.0107421875,620338.125,12197.9443359375,631838.25,12855.2744140625,185651.296875,4156.2846679688,55123.93359375,1228.8599853516,51.7670097351,1.1420640945,7.4727716446,0.1605648547,2.1096940041,0.042206686,2.0791487694,0.0383496545
2.5257320404,1.2829037905,958.2138671875,54.4112434387,9052.3359375,469.2924804688,11382.98828125,716.4494628906,36578.5,2375.6518554688,37588.453125,2475.9035644531,15079.74609375,615.1421508789,4878.212890625,200.1944122314,4.7520675659,0.1970050931,0.7278658152,0.0279116072,0.2030933648,0.0085891085,0.206974864,0.0064128204
35.2419052124,3.8192548752,10339.2890625,195.229019165,154789.25,1827.8570556641,243048.640625,3245.9851074219,496959.5625,8808.828125,501775.875,9479.6669921875,139296.625,3126.169921875,40349.0234375,944.5759277344,37.5428543091,0.8872365952,5.3246488571,0.1261877567,1.5405288935,0.032357119,1.4298151731,0.0287616216
11.2932357788,4.9806833267,2066.77734375,276.1567077637,43464.3828125,3473.7653808594,49346.984375,6134.5014648438,124116.34375,13449.9599609375,138870.8125,13841.9970703125,46878.078125,4171.0048828125,14040.671875,1225.8979492188,12.6201477051,1.1430312395,1.8285679817,0.1614920348,0.4062305689,0.0429461412,0.4875024557,0.039939858
38.8705978394,7.8116235733,13349.85546875,440.7644958496,363553.25,5945.322265625,491556.1875,10327.0185546875,709385.8125,24202.197265625,706592,25217.20703125,187228.09375,7691.7944335938,52046.5625,2191.3115234375,47.1164550781,1.9868297577,6.826341629,0.2795453966,1.9791901112,0.0717359036,2.2091269493,0.0695467889
94.0534439087,8.7609195709,22793.08984375,480.4000854492,649515.25,8103.5375976563,910507.5,13620.0966796875,1545530.5,26472.732421875,1531977.25,27380.986328125,352348.125,7025.4936523438,94704.421875,1966.6030273438,83.2679443359,1.7714043856,11.5722255707,0.2495432049,3.1537690163,0.066308707,3.3194153309,0.0680269971
71.4425201416,6.6750488281,10429.47265625,376.138885498,166259.8125,7222.2387695313,307800.75,11097.1298828125,730842.25,22979.001953125,740447.4375,23514.1953125,248011.765625,6851.6982421875,70887.484375,1921.2611083984,63.6686706543,1.7176923752,9.0264282227,0.2438404113,2.1026997566,0.0601148754,2.3440666199,0.0657979175
1.5590810776,0.3590604067,272.234375,20.4416160583,1872.8134765625,116.4579849243,5077.8076171875,190.5945739746,13097.611328125,372.6427307129,11180.291015625,307.1335754395,2894.01171875,80.9995880127,875.1958007813,23.9435749054,0.8093616962,0.0234154202,0.1022289395,0.0040456303,0.0263492465,0.0019691898,0.015838787,0.0018341
8.8100662231,8.7225780487,3586.50390625,441.0762023926,99270.5625,6917.83984375,90332.71875,11169.9990234375,167687.9375,27859.888671875,194640.125,27463.767578125,59009.5625,7739.9575195313,15717.94921875,2165.4260253906,13.6291847229,1.9283730984,1.928188324,0.2747376561,0.4604380131,0.0665492117,0.6264535189,0.0742020756
-2.103012085,8.4739332199,5086.2734375,452.5805053711,156662.625,5600.9643554688,199240.84375,9439.892578125,223097.625,25362.736328125,320542.5625,24226.271484375,74853.203125,6422.4501953125,19966.4765625,1773.0489501953,17.4360580444,1.57781744,2.4913392067,0.2225323021,0.7758309841,0.0563390367,0.9873658419,0.0585042238
8.5846405029,9.0850257874,11479.51171875,625.1889648438,262344.5625,10212.6494140625,251573.09375,15281.53515625,524180.625,29708.19140625,359295.375,27341.453125,167387.9375,7831.8520507813,45488,2156.1635742188,38.4188232422,1.9240823984,5.4838647842,0.2755171955,1.693590641,0.0781534016,2.0222089291,0.0871186852
3.3986549377,2.053052187,2393.7109375,111.9478759766,43847.5703125,370.3014831543,38192.4296875,713.9339599609,47226.1328125,2076.0373535156,43881.5,2139.6357421875,13986.474609375,938.7946777344,4057.2216796875,271.8038330078,3.8306264877,0.2555869222,0.5097720623,0.0358424671,0.1354707778,0.0114791375,0.1074939519,0.0075940187
30.1457366943,10.262386322,8328.6484375,833.3405151367,158393.390625,10538.59765625,212178.328125,18545.353515625,396752,41333.15234375,225207.3125,35558.6171875,94066.8125,11700.5166015625,25808.125,3210.0202636719,23.0732116699,2.8292541504,3.1198410988,0.400880307,0.8607378006,0.1092420816,0.7538408041,0.1188292801
13.5187320709,0.9752819538,7300.79296875,53.1173324585,75587.7890625,383.4148864746,73417.234375,581.0847167969,143234.15625,1056.2674560547,146179.46875,1022.9030761719,59607.546875,435.739654541,18307.98828125,133.6181640625,17.4803962708,0.1295090467,2.53408885,0.0193960592,0.6344644427,0.0045484481,0.5433657765,0.0043019289
13.7207870483,6.7016239166,21418.3984375,532.3946533203,429608.1875,7836.4868164063,517919.65625,12769.7314453125,811735.375,28265.634765625,661587.625,26185.12890625,186799.9375,8259.3349609375,51683.8125,2266.0571289063,46.7257156372,1.9739259481,7.06254673,0.2780022025,2.4701287746,0.072715342,3.097630024,0.0829077139
7.3408870697,1.1038972139,1684.23828125,82.8532562256,13264.056640625,269.2118835449,22833.962890625,496.5638122559,67834.1953125,1782.6840820313,74574.5078125,1739.0635986328,35625.4375,756.892578125,11607.068359375,239.1100311279,11.1625890732,0.2371592373,1.5250672102,0.0338683575,0.3449006379,0.0064512091,0.2730458081,0.0068192752
58.0985412598,6.3437404633,11994.98828125,437.8612670898,190599.5625,6429.9096679688,383451.3125,11896.1103515625,890593.375,26080.751953125,971322.75,27611.63671875,260543.40625,6997.6958007813,71822.453125,1893.2136230469,62.4684677124,1.6519731283,9.0260734558,0.24062334,2.0786499977,0.0585103147,2.6341862679,0.0730746686
3.6414546967,0.5335453153,916.72265625,25.5896911621,2742.423828125,103.2540893555,5074.9453125,136.5735015869,28894.26953125,481.2152709961,27467.77734375,416.0263977051,9040.62109375,286.1558532715,3108.2719726563,96.8719482422,3.2292966843,0.0999999791,0.5460671782,0.0163682085,0.1504278481,0.0042366949,0.1492734104,0.0046697604
