1.696898559674096418e+00,5.218577755662727213e+01,5.697744000574493839e+01,5.215434577117775916e+01,6.847228166918239367e+01,1.839387855982386100e+01,9.383712774064315454e+01,1.249126697807500932e+02,5.274472807725587700e+02,5.877595149239596140e+02,6.539502186991194321e+02,1.593847814920951350e+03,2.257317005361550400e+03,2.284005903727957048e+03,5.983044676873774733e+03,5.856276790768213687e+03,6.465995323230534268e+03,6.085098695452339598e+03,4.507543947774473054e+03,1.551582519163638608e+03
6.580697829265504950e-01,5.080567435550437949e+01,3.999542406518821736e+01,5.018970584080034314e+01,5.543281328488956206e+01,3.448448403614747804e-01,6.511911818694011345e+01,6.396274430504058728e+01,2.927368831900125770e+02,3.595708251872001711e+02,4.429950353785061452e+02,1.509609075563139413e+03,2.021556739285861113e+03,2.255615921171231093e+03,5.880753330314335471e+03,1.027262321789512862e+04,8.373303798855733476e+03,8.566570317753426934e+03,6.639798555213728832e+03,2.457662428647835441e+03
1.672592855859085148e+01,8.548951663865762384e+03,3.974276813153068360e+03,1.186812839709005493e+04,6.648558767730792169e+03,9.571040074141106743e+03,6.760589811416302837e+03,1.571637079468952652e+04,6.086940606842006673e+04,1.155186067393657577e+05,1.570799115116754838e+05,2.494594763065900770e+05,1.716774688918668544e+05,2.830500644875126891e+05,3.893677626844872721e+05,4.536996300830813125e+05,4.540978110270116013e+05,2.469654569921037182e+05,1.471079869905166561e+05,3.929529160281333316e+04
2.873463091764600108e+01,1.277510575729000266e+04,7.105060571434700250e+03,1.190219226170102775e+04,1.005032798507307598e+04,1.942964461411551747e+04,1.588558183538953017e+04,2.634735892849328593e+04,1.483087184534207918e+05,2.279810447294169280e+05,3.450231339908020454e+05,4.496349565750194015e+05,3.788543897507807706e+05,5.724581167516888818e+05,7.026500903833024204e+05,8.265688591678969096e+05,9.045896986871256959e+05,4.236068166118488880e+05,2.330861979966850486e+05,6.342549480263298028e+04
3.742312578307883086e+01,1.326077069575552378e+04,7.353819992310694943e+03,1.560290205302289178e+04,1.041810341106245323e+04,1.440165689253075834e+04,1.396558798565329198e+04,2.529837943238200387e+04,1.384029921944471425e+05,2.301535419578847650e+05,3.318959621552132885e+05,4.785090822392037371e+05,4.049363894812364597e+05,6.592188165497513255e+05,8.076566589797998313e+05,1.031745593091948424e+06,1.140131118191736750e+06,5.042788074764589546e+05,2.736163248524859664e+05,7.564038031783452607e+04
2.407538679026995965e+01,2.243818966542624548e+04,2.389538508346444360e+04,3.350653547598035948e+04,1.462406091464621568e+04,5.191441853534012625e+04,9.982732556880739867e+04,1.282574298577191948e+05,4.017221203711692942e+05,4.733771392846088274e+05,8.098155005994564854e+05,7.047730873403612059e+05,5.183357083704231773e+05,7.281167916460122215e+05,7.258053693774251733e+05,8.189789514901579823e+05,8.217218887540276628e+05,3.434635106871834723e+05,2.215217040376641671e+05,6.036871479738086055e+04
2.975743261057971267e+00,5.933520998775718908e+03,4.096181106194282620e+03,8.034875698157393344e+03,6.293326081339724624e+03,1.453869873039717640e+04,1.108862074270546873e+04,2.262440295338571013e+04,7.729332109326208592e+04,1.470517906992394128e+05,2.098063154427999980e+05,2.330990945948323933e+05,1.391054559539299225e+05,2.301089517271893565e+05,2.935910095258981455e+05,2.871972519392780960e+05,2.851657658721103799e+05,1.618512358945829328e+05,6.888902057469723513e+04,1.883083554940963222e+04
1.253343526988828671e+00,2.503633086367399301e+02,6.406107221031697918e+01,1.165142551911676492e+02,5.085756032628728462e+01,2.753616870623982322e+02,7.045556332844307690e+01,1.307478309338725921e+02,1.314038734987743737e+02,2.035005147085075805e+02,4.016302761797778658e+02,1.750045985963643034e+03,2.264273089396076102e+03,2.914994564081251156e+03,1.271530907223235408e+04,1.181377361489995383e+04,1.351999167239732924e+04,1.555707327930860629e+04,1.039438118865097204e+04,3.689922492463763774e+03
-1.426189503076109588e+00,3.869193502678059303e+03,2.366186675458397985e+03,3.786062756139264366e+03,2.728111431077200450e+03,4.924026324508613470e+03,5.974351743349641765e+03,8.897898755103240546e+03,5.524460759774834150e+04,7.659189560940858792e+04,1.004922501189172035e+05,9.974105250471181353e+04,8.373128952715544438e+04,1.109971871050418122e+05,1.116785171232670837e+05,9.662706063826085301e+04,9.454477717898722040e+04,7.222079065534210531e+04,4.660035876818261750e+04,1.595038663762680517e+04
6.655864442827825656e+01,2.582636674326802313e+04,1.425315687071831053e+04,2.427747714389435714e+04,1.996010802052180952e+04,2.923247305555342609e+04,2.722920817153010285e+04,4.654580746733056003e+04,3.305807505256556906e+05,5.012617822700110846e+05,7.260710023849634454e+05,9.881515944916864391e+05,8.045206078325860435e+05,1.102074374240357429e+06,1.382839694233376998e+06,1.630313091011782642e+06,1.680144348611298949e+06,7.266970023422787199e+05,3.742285713449718314e+05,9.639544693728715356e+04
1.302425665734966742e+01,3.105114399525997214e+03,1.478058808986945223e+03,2.442089025667376518e+03,1.897240810552248149e+03,3.542645607314154404e+03,3.256935603488538618e+03,6.834219179327395977e+03,2.585155959455618722e+04,4.511883374243287108e+04,5.219734643470853916e+04,7.012520195613741816e+04,6.708181642881908920e+04,1.059382950256903714e+05,1.295641235705668223e+05,1.412139395445443224e+05,1.441963291901869234e+05,9.557093813985283487e+04,6.757793071682767186e+04,2.218096762919121829e+04
2.357481619814672058e+01,6.934811117956840462e+03,4.242618946870510626e+03,8.220731424556313868e+03,6.623097623362404192e+03,6.751850262617113913e+03,6.504527732069553167e+03,1.260315054133171725e+04,7.992941888969735010e+04,1.270269307396346412e+05,1.581878962846410577e+05,2.666974676943136146e+05,2.263754979890935356e+05,3.384377926525213988e+05,4.461264269792503910e+05,5.140874332793802023e+05,5.363950399969313294e+05,2.907403888127700193e+05,1.543934597092223703e+05,4.444720247486614971e+04
2.049329217712696050e+00,8.101042507603933700e+02,3.610437322539783054e+02,9.440617315795434479e+02,5.104432962978771684e+02,1.089485541445894341e+03,1.249420332895731008e+03,2.302467567968473304e+03,1.220432356668260036e+04,1.828454975441354691e+04,2.022552995641080634e+04,2.473953997161818552e+04,2.043149852059016121e+04,3.368145678882182983e+04,2.874242548881954281e+04,2.408795558860845631e+04,3.007963331079750787e+04,1.730243987797602313e+04,9.797115258699021069e+03,2.853413088489432994e+03
1.679240280340944480e+01,4.587842378240693506e+03,2.445922560587587213e+03,3.722008705173788258e+03,3.465628067795916650e+03,8.489120463084673247e+03,5.793972328870622732e+03,9.886055207214412803e+03,7.135708180983038619e+04,8.515867174144928867e+04,1.381531231654467701e+05,1.388117800259107025e+05,1.426500391657626606e+05,1.808054837617538869e+05,2.474260182258512359e+05,2.674246530625983141e+05,2.995807325457137777e+05,1.583264703463307233e+05,8.006240082511925721e+04,2.295655876234173775e+04
1.436908823778806266e+01,3.064632614249530889e+03,2.149571382085763616e+03,3.497350471066107275e+03,2.541637511308999819e+03,6.544541254031451899e+03,4.705519889505203537e+03,9.673729242985746168e+03,3.413841107613539498e+04,6.226468710557112354e+04,6.015663903785993170e+04,9.089132628571189707e+04,8.024565069821197540e+04,1.227897615131002967e+05,1.523493542668829905e+05,1.678697813263962744e+05,1.748184456842531217e+05,9.944926319242053432e+04,5.223010677835592651e+04,1.520702057249400241e+04
6.048616239489192026e+00,2.588034171535178757e+03,1.472550030952797897e+03,2.247853616887720818e+03,2.004804582443669460e+03,2.780489730938867069e+03,2.489672969634402762e+03,3.823596540524422380e+03,2.385669240890210494e+04,3.683438208653032780e+04,4.012579098882724793e+04,6.170471559003359289e+04,5.399291318917580065e+04,7.920207735490766936e+04,1.041072714038259583e+05,1.013328063047896139e+05,9.718710956654668553e+04,6.815454938673833385e+04,3.809987626229942543e+04,1.165903156546295213e+04
6.733874177646569592e+00,2.343471931202886481e+03,1.384704162295955939e+03,2.263069557359382088e+03,1.412082041742144611e+03,2.202684078252270410e+03,2.003836938327885036e+03,3.526997991718631056e+03,1.414954283287297585e+04,1.984158539976938482e+04,2.233411131871677935e+04,3.858163591047489899e+04,3.350925359301037679e+04,5.453818591340203420e+04,7.130406181847775588e+04,9.420658002124185441e+04,9.526123765101307072e+04,4.990495794943143846e+04,3.243698584304034011e+04,9.901223945719924814e+03
2.233705598666830383e+00,1.077713462520126996e+03,7.837113342466236645e+02,1.624931745881920506e+03,8.783035562971181207e+02,1.749228489054472448e+03,2.436355708756476815e+03,4.262411230346186130e+03,2.255063434919866631e+04,3.203275274606165476e+04,4.586016933822657302e+04,4.010977337686752435e+04,3.448933714504333329e+04,4.921997508571710205e+04,4.266909814682661090e+04,5.531576503031241009e+04,4.750688582391134696e+04,2.233741245431755669e+04,1.197760739542501688e+04,3.370973725062613084e+03
3.274101744953149762e+00,1.095166364741651705e+03,5.982988186901711742e+02,8.075907822548169861e+02,6.271990320238683125e+02,1.046978559430901441e+03,8.855226760500536329e+02,1.304890224391740958e+03,7.919383283625229524e+03,1.075574062167418015e+04,1.364300714315212099e+04,1.972536411678168224e+04,1.922193737179895106e+04,2.324704845478438074e+04,3.680496737557524466e+04,3.795660477065716987e+04,3.907596360977922450e+04,2.307732935482639004e+04,1.059962097580713453e+04,3.150006410410816898e+03
2.738596286862438944e+00,3.143210470189760599e+02,8.337657773104183434e+00,3.583227312943181460e+02,4.469427121960434306e+02,3.106899700557605684e+02,5.058434704109458835e+01,5.721793192796067160e+02,4.096156419451694092e+03,4.235603675608686899e+03,6.720707342532336042e+03,9.516588465060638555e+03,1.250604930810417864e+04,1.590057473418966401e+04,2.196211325588522595e+04,2.429259710322509636e+04,2.446996129115551594e+04,1.112266088061383925e+04,5.689738623308876413e+03,2.008683715453706100e+03
1.948427027781427512e+00,1.247184502621566935e+03,6.874524675355946783e+02,1.051287394149258944e+03,1.099245367029423051e+03,1.117775596030697670e+03,8.877015744289628856e+02,1.730550065308866579e+03,6.597679711271004635e+03,9.591036320398357930e+03,9.627905772349502513e+03,1.660381109728309821e+04,1.783311591038192273e+04,2.390180164026361308e+04,3.366900583209426259e+04,3.583641600676113740e+04,3.390091943127414561e+04,2.217259345942105574e+04,1.271649879036029597e+04,3.658654660509251698e+03
4.125841819969814139e+00,1.590687111836406984e+03,1.470835148092473901e+03,2.342851463453149336e+03,1.311101401207425624e+03,2.001395579492633260e+03,3.934469646453362657e+03,5.539193320111768116e+03,2.472522714686014660e+04,3.553104462776985019e+04,4.555127375910487171e+04,4.857203672124542936e+04,3.966090677120027249e+04,5.691941826700192178e+04,5.615301377174980007e+04,5.628441599946579663e+04,5.072004372578760376e+04,4.475429061870090663e+04,2.415075695501365408e+04,7.814720303039590362e+03
1.304789286449469898e+00,1.541973532244095622e+03,9.863681185722798546e+02,2.156337820125544567e+03,1.259002743470165115e+03,5.740962105543945654e+03,3.963851266506251704e+03,5.607913051135834394e+03,2.768850724222759891e+04,3.566636982270265435e+04,5.139134970742392761e+04,5.388366734340976109e+04,4.507066006342487526e+04,5.510263834701629821e+04,5.340815277060476365e+04,6.259222422309243120e+04,5.208389250508748228e+04,1.895282615461747628e+04,1.064648714130438748e+04,3.760984515339390782e+03
2.228233088301578846e-02,7.246235762424264976e+03,4.033183007784902657e+03,6.553507311313249375e+03,6.061863327606011808e+03,1.256544859756109145e+04,1.048118363098775808e+04,2.268835072944820786e+04,1.065336458739666850e+05,1.856564348366707854e+05,2.579121399215769779e+05,3.006000696032888955e+05,2.049505533789147157e+05,2.820470039783971151e+05,2.879882912435261533e+05,3.310079696619998431e+05,3.024954095651393291e+05,1.441933070452549146e+05,8.408966093476300011e+04,2.505058768609923573e+04
2.840639203916140332e+00,1.135532632825411383e+03,5.807315117032258058e+02,9.857370332374230202e+02,9.316387264924678675e+02,1.778962527596528162e+03,1.657486168570962036e+03,3.060187316704090335e+03,1.736681683763006004e+04,2.340244695823197981e+04,2.714463258004579984e+04,3.399546106074107229e+04,3.234229298441694118e+04,4.277862475095405534e+04,4.814845049813130754e+04,5.442365515416482231e+04,4.976792714440554846e+04,2.959316355404621572e+04,1.732922834620422509e+04,5.530318801881032414e+03
1.426873377933578269e+00,1.927164578902073117e+03,2.064930584075841580e+02,3.791038026236383303e+02,2.482195507691913008e+02,1.147015724475603747e+03,4.420875309106363602e+02,7.940536469502235377e+02,3.781468538104976687e+03,4.043026137790773646e+03,5.815407111239159349e+03,8.117477264558481693e+03,6.740628995206272521e+03,1.131540052042205207e+04,1.370667495326721109e+04,7.579591057534169522e+03,8.423965855800415738e+03,5.952890034145195386e+03,4.221257279928482603e+03,1.308668073182881926e+03
1.062675778054007480e+00,3.585335781721723833e+02,2.870660222139858888e+02,4.521867477740320282e+02,2.394511436250754741e+02,5.592111486270550813e+02,6.602523745425437482e+02,9.847664861435741841e+02,6.094898920813926452e+03,6.509612972461656682e+03,9.353424106705426311e+03,1.036073193940560304e+04,1.032217837920936290e+04,1.185705532632839459e+04,1.365277843016543193e+04,1.496694078173086746e+04,1.524554048557442729e+04,8.882341307073074859e+03,5.374527443974220660e+03,1.842867345679183927e+03
-6.137789126743093959e-01,1.714901299189223209e+02,2.908870994724293269e+02,2.971853770590660133e+02,4.216410030402039411e+02,5.523763801219902234e+02,4.446627048436339464e+02,8.223117230601365009e+02,6.168010156666550756e+03,7.084501711266126222e+03,9.978527615251849056e+03,1.155761092945779819e+04,1.131254405096246046e+04,1.377854500980068406e+04,1.188095678668207256e+04,1.464092619620051119e+04,1.353341162948764395e+04,6.507110331073738053e+03,4.321282932112670096e+03,1.430085382129727805e+03
1.337455896846190484e+00,5.972637279554401175e+02,3.539353066357089119e+02,5.600315599433383795e+02,5.931628752337005608e+02,8.740731400833028601e+02,8.689411015513933307e+02,1.391638298749619025e+03,1.007258564362246216e+04,1.059004065293871281e+04,1.416314307937782178e+04,1.874777285903898519e+04,1.856593643910794344e+04,2.035900090267814085e+04,2.042263360275929153e+04,2.833741984918522940e+04,2.775629935366021527e+04,9.707755528888577828e+03,7.841896444558784424e+03,2.465315871253964360e+03
2.504029046149625515e+00,2.283742909916069948e+03,1.653533066765546664e+03,2.232895963365222542e+03,2.040726537784915763e+03,2.472736641311204039e+03,3.446233888521933295e+03,4.915570863733303668e+03,2.495234351764481471e+04,2.915654081076588773e+04,3.634902632665759302e+04,3.973369621079164062e+04,4.939830708538932231e+04,6.125771027332507219e+04,7.509937638856362901e+04,6.833182921305950731e+04,7.100761853709182469e+04,4.310017036557197571e+04,2.321466118572459527e+04,7.111960394078103491e+03
4.179054231403696917e+00,6.319574854706497717e+02,2.865100181018024159e+02,6.971716838085358177e+02,3.377699780467910387e+02,7.606293746951214416e+02,4.236975420366406979e+02,1.122031159958683020e+03,3.272642954905630177e+03,5.619274644391793117e+03,8.418476865257169266e+03,1.031354868641468056e+04,9.201368630127341021e+03,1.404873537288524676e+04,1.853473123833368300e+04,2.025928392620867817e+04,2.006491550998395542e+04,1.425508386908072862e+04,1.047288868737482699e+04,3.452288228328536206e+03
-1.122555220343677718e+00,2.180523498032297539e+03,1.096562476228632477e+03,2.021533100205962000e+03,1.908962597859358084e+03,2.296347781626239339e+03,2.320206348764658287e+03,4.446221469637591326e+03,3.286949281869189872e+04,4.177631595315040613e+04,5.901372889392206707e+04,5.949168986196251353e+04,5.969284676666925952e+04,8.011703965723635338e+04,7.016988459449150832e+04,8.336731843486989965e+04,7.143505833024636377e+04,3.363166570148989558e+04,2.307571441517675703e+04,6.775780387021892238e+03
-2.231791197119058268e+00,1.642037650792472959e+03,1.788775679210824819e+03,2.134218117798776348e+03,2.012843768736619040e+03,4.833239243814670772e+03,5.966687881261882467e+03,8.087928231817893902e+03,4.125331224032743194e+04,4.834778358591646247e+04,6.675448486652661813e+04,6.355443408585259749e+04,6.793635539903533936e+04,7.598931700101941533e+04,7.796708386294779484e+04,7.005061971043993253e+04,6.485853290204089717e+04,2.955825942586343444e+04,1.384816863371359068e+04,3.842015837285875023e+03
8.956981038589155730e-01,4.338423531801736317e+02,3.213064979910498096e+02,4.753969545723089141e+02,4.383427177812809532e+02,5.261757154258048104e+02,6.472858839599730345e+02,8.899898906989023999e+02,6.003338268850015993e+03,6.171867505912057823e+03,8.028703917268423538e+03,1.042152705843301010e+04,1.298576180053118514e+04,1.184197297618320954e+04,1.757942525171911984e+04,1.941346474015880813e+04,1.678005776818818413e+04,9.910624383000140369e+03,5.930192463938399669e+03,1.951166275811946434e+03
3.422960062085067534e-01,9.792610377719302051e+01,1.064168698326327558e+02,1.251896794145518470e+02,7.778853544283219890e+01,1.397111185764943002e+02,1.328799730794848983e+02,1.829391934850427788e+02,4.214250435684348304e+02,7.575741121930809641e+02,5.874232647273138355e+02,1.685942630087281941e+03,2.521263192160637118e+03,2.904820989834854117e+03,9.808861424164439086e+03,1.020029511561553954e+04,9.270648559724017105e+03,1.361045587488019373e+04,1.181284545433358653e+04,4.669745637459240243e+03
6.509365176808149300e+00,5.284248887319490677e+03,4.056873106953572005e+03,6.014200359394924817e+03,3.584902799876791050e+03,1.501703249872814558e+04,1.525572056294885624e+04,2.403539878607336141e+04,1.154975362235989596e+05,1.393029342444553040e+05,2.305186859904566081e+05,1.911511239030017168e+05,1.657490910863735480e+05,2.132325456561837927e+05,1.960399589787963196e+05,2.160804194967984222e+05,1.980345914575311472e+05,8.447553288597389474e+04,4.478303421598708519e+04,1.330125514019038383e+04
5.983261263826022969e-02,1.113005858304356479e+03,7.442278095993397073e+02,1.146945352020499740e+03,8.773037127448596948e+02,1.060284397481987980e+03,1.024800111800012019e+03,1.523032076589772259e+03,3.968463824352083975e+03,5.162705874088936980e+03,7.314252812750281009e+03,1.194839883400927647e+04,1.307861508538606722e+04,1.730457811561365088e+04,2.977661908903892618e+04,3.155990257376356749e+04,3.801842171510486514e+04,2.482223958400805714e+04,1.623561454899038654e+04,5.731520188440681522e+03
1.048992261877423005e+00,7.183855655470979400e+02,4.569989558408619814e+02,6.160581641524795486e+02,4.236357213663241055e+02,1.099545777637968968e+03,1.247620227437920676e+03,1.782940072324852736e+03,1.056815676995858303e+04,1.219658713776262084e+04,1.859750525121853570e+04,1.726052185001716134e+04,1.934583361066985526e+04,1.866082986989546771e+04,2.670156223867334484e+04,2.776387885413871845e+04,2.698320420257262595e+04,1.890064063611930760e+04,1.251617172593397117e+04,4.651709343318052561e+03
-1.138654206903341404e+00,1.886484141541432109e+02,1.196814118778613647e+02,2.050801043142787421e+02,1.587742831100060812e+02,2.298900177467585308e+02,2.552116515420630094e+02,4.400692296974325473e+02,2.002373174499102788e+03,2.252413498253654325e+03,3.192730098595353411e+03,4.552890293774653401e+03,5.490189602719776303e+03,6.235848212870081625e+03,1.312001712994740956e+04,1.744065680478964350e+04,1.888976871659355675e+04,1.526550846398754948e+04,1.424764118192010937e+04,5.603247957768349806e+03
5.745803311054828555e+00,1.964261183172162418e+03,1.101006470862655988e+03,9.772816581799700089e+02,1.525068236642108332e+03,1.659840247580182222e+03,1.525365427116521460e+03,2.535341199518531084e+03,1.063208871298062149e+04,1.323324213193749893e+04,1.723518228785601605e+04,2.726405744028488334e+04,2.800481579298647193e+04,3.441551674441303476e+04,5.167515953305184667e+04,6.341005382421612740e+04,6.372573264969681622e+04,3.590735924373648595e+04,2.258142816521804343e+04,7.654775301640670477e+03
3.469419850341370903e-02,6.242279444566229358e+02,3.557050260659116248e+02,5.230314606454485329e+02,4.814774268960064774e+02,6.280041017487301360e+02,5.475698675304961398e+02,9.894141540233113119e+02,6.618066213783999956e+03,6.966388959014950160e+03,1.097083377926280082e+04,1.406257786948079229e+04,1.390726726302777752e+04,1.513220154740985890e+04,1.663670264639575180e+04,2.188743445759450697e+04,1.858148680112864531e+04,6.456383707630084245e+03,3.125026017496236818e+03,8.060367060927346756e+02
6.959666682061893539e-01,1.633379122510968955e+03,9.241250220879487642e+02,1.301800092818216399e+03,1.007842979693586130e+03,1.374870853651559628e+03,1.211889435297484852e+03,1.578159059516553498e+03,7.373593052128479940e+03,8.464322590153729834e+03,1.064467442198782192e+04,1.580882693538271269e+04,1.795241660544901970e+04,1.838416670385932957e+04,2.220921074086827866e+04,3.280832278880986269e+04,2.416236860820943548e+04,1.051495637490096124e+04,5.151499304433185898e+03,1.440788469861054182e+03
-1.822459091491932526e+00,4.887336910533031187e+01,1.594480264122148583e+02,2.650579092972684521e+02,3.291587203057225679e+02,3.006269099365335933e+02,6.083654818166205587e+02,1.106743170771615496e+03,6.033307509570136062e+03,8.256144191068753571e+03,8.450017912401721333e+03,1.059142337720139767e+04,1.172897547700286304e+04,1.266140910517760130e+04,1.491454326202097582e+04,1.642576963923696894e+04,1.502413015056431323e+04,5.683781377070408780e+03,3.837110170088002633e+03,1.335430376511663781e+03
2.032938407861703212e+00,1.568669931875346265e+03,9.898026806831962858e+02,1.202131502173737317e+03,1.031806290302135494e+03,2.049195147679368347e+03,1.737434938758146018e+03,2.450620283885668869e+03,1.439816982918532813e+04,1.591534717428298791e+04,2.419605226650709665e+04,2.566723542147640183e+04,3.097879009381049764e+04,3.040486160833776012e+04,5.720977099373935926e+04,5.596476504662529624e+04,5.749517637535241374e+04,3.981739712965182116e+04,2.482519117362025281e+04,8.728722032023182692e+03
6.203373446238025224e-01,2.604908162023662044e+02,1.693264588409567750e+02,2.627928168518378698e+02,2.047386100896736707e+02,2.335203480122054316e+02,2.007222637451079663e+02,3.174066955486250663e+02,2.286238415768666073e+03,2.498054760674404861e+03,3.542782115857424287e+03,4.083512860415759860e+03,4.981805455050842284e+03,4.587833615970950632e+03,7.651288794508902356e+03,1.064404495195834170e+04,1.017638765120225435e+04,4.909185485375710414e+03,4.604359835782914161e+03,1.612608954492957309e+03
7.481049093283829166e-01,3.770861833436001689e+02,2.108307819483229650e+02,3.901814011929395747e+02,2.601361138085399034e+02,1.740393865818859922e+02,2.787143657625433661e+02,4.547920734391609585e+02,2.077658363762758199e+03,2.222601433604356316e+03,2.982153780579805243e+03,4.481206073553432361e+03,5.303382568123619421e+03,5.533906852290117968e+03,1.061094487606445182e+04,1.429647689231394179e+04,1.530829156417062040e+04,1.054259283273704204e+04,8.258924588788242545e+03,3.014676720052684686e+03
2.238815968723987027e+00,1.733386701561389600e+03,1.098499996934147475e+03,1.592243327135213804e+03,1.286262543712168053e+03,1.996232636816298509e+03,1.942124379180658707e+03,2.875680675071399037e+03,1.750702331017336110e+04,2.028612737577466396e+04,3.071736232048486272e+04,3.373452892710846209e+04,3.695862436648186122e+04,3.988218312729628815e+04,5.894111046335868014e+04,6.377862725677902927e+04,6.268434844138832705e+04,4.047446379816357512e+04,2.317850080711874762e+04,7.828297843836771790e+03
6.630212695583583837e-01,5.879174338828711370e+02,3.344938549164460255e+02,4.994751213341257881e+02,4.993477131699215761e+02,5.421958570147198770e+02,5.261446931812233743e+02,7.354650064981792639e+02,2.236611076209822386e+03,3.077445014604098105e+03,2.857975145184056601e+03,5.149693743510040804e+03,7.682802411939454032e+03,8.417169717475891957e+03,1.829782872277397837e+04,1.746835014880476228e+04,1.913024191041018639e+04,1.432887552946626965e+04,9.545042175986200164e+03,3.012839694961788155e+03
-6.126818437427417052e-01,1.054756898668048052e+03,5.298560649176101833e+02,8.231984209470444966e+02,4.504724877967944394e+02,7.743284062671546053e+02,9.990491058339184747e+02,1.687496014791989865e+03,1.045970935745045426e+04,1.256599784710619861e+04,2.076612284379827179e+04,1.612691345734407878e+04,1.898307445458064467e+04,1.956660004838287568e+04,2.509099415395272081e+04,2.686225068437306618e+04,2.508228028241357242e+04,1.390680629144549312e+04,8.523254684912019002e+03,2.848703482791632268e+03
1.830220067053268451e+00,5.067131142541552435e+02,3.017015042215093672e+02,3.717302478664375940e+02,2.382108862490921410e+02,4.790662483655041797e+02,4.987152782550406300e+02,6.898212804918766778e+02,3.208922845469209278e+03,4.423923565602291092e+03,4.688150537430535223e+03,7.703967194489978283e+03,7.879625162778007507e+03,1.084044941489734265e+04,1.409351462478750182e+04,1.937380990742348513e+04,1.849689828720132937e+04,7.576184530876751523e+03,6.273344708082942816e+03,2.110512901809950563e+03
-2.002814512580624040e-01,7.036536109496764766e+02,5.899409753143515900e+02,8.369222859344411063e+02,4.983174940666843895e+02,7.563627207813842688e+02,9.870510917827596131e+02,1.271076002560343113e+03,5.750487165158056996e+03,6.993472654778639480e+03,9.820151105853576155e+03,1.220450699527552206e+04,1.554493066304371678e+04,1.612805819074110332e+04,3.261521693184248579e+04,2.991778830644633854e+04,2.932257277809234074e+04,2.702110231451441359e+04,1.910204657215163752e+04,7.133671919402662752e+03
1.497314553075945298e+00,3.090507817769903340e+02,1.873738277291686245e+02,1.374137047847502799e+02,2.285317040246820852e+02,3.887306531444119173e+02,2.651701654017570036e+02,2.988444861676207438e+02,1.171263111619461597e+03,1.248547572732242770e+03,1.645495650070115516e+03,3.661373630908135965e+03,4.679150760648946743e+03,4.567440934152939008e+03,1.279462404078102554e+04,1.167643547516758554e+04,1.164256306996020430e+04,1.258894031894271029e+04,8.651714222434056865e+03,3.021300782638145392e+03
-1.295940493174434494e+00,4.250954593131259571e+02,3.188949708745988119e+02,3.071524246075557585e+02,2.348649964031596937e+02,3.484991563887069788e+02,3.811138063483604128e+02,5.777076257462376816e+02,2.295726986243808824e+03,2.481274055976412455e+03,3.395177377051390067e+03,5.768348358672268660e+03,6.224718164496985992e+03,5.883148462462144380e+03,1.245257398349939467e+04,1.125750181918492308e+04,1.004037915161659475e+04,8.089364916423473915e+03,4.205182644641121442e+03,1.503086655306728062e+03
3.588310717810249173e+01,2.082830784548177326e+04,2.231473675930765603e+04,2.967820771171481465e+04,1.215542347741665253e+04,4.050322022646043479e+04,1.370141822382712562e+05,1.207759786747713661e+05,6.226099034206224605e+05,4.509041336318143876e+05,4.451787212177869515e+05,3.275034359660091577e+05,6.005180673669762909e+05,5.884365591712850146e+05,6.540337276099845767e+05,4.110026208003105712e+05,4.045449825794726494e+05,2.598671551158071088e+05,1.126429629953564872e+05,3.071381098779569584e+04
6.287863989147783883e-01,4.454343712723521094e+02,2.844367926960230761e+02,5.021446458638711192e+02,4.646323280871692987e+02,4.882295786264194248e+02,4.516099942261225806e+02,7.931074265839661166e+02,5.143848821950358797e+03,6.144089293599920893e+03,7.596189006048201009e+03,1.145587282499071625e+04,1.251513860099541489e+04,1.377016709130293020e+04,1.973808324467965576e+04,2.440470993317454122e+04,2.180942273571219994e+04,1.171199032759845431e+04,6.783761443274441262e+03,2.293964710933205424e+03
7.771004326875594614e-01,1.041737544931134835e+03,1.126058243893368399e+03,1.656031666080332798e+03,7.606856160854207474e+02,2.347499542778597970e+03,4.878404203211755885e+03,8.093587545646269064e+03,2.961546887553331908e+04,3.291930876039249415e+04,4.415313814590650145e+04,2.831587420505598493e+04,4.335777356816027896e+04,5.053419865126095829e+04,5.917016929981672729e+04,6.188209007934545662e+04,6.954379149805812631e+04,3.728809960663857055e+04,2.231621864198639742e+04,7.224797772303063539e+03
2.532759563615467613e+00,3.962919319115476355e+02,2.494111604045151580e+02,3.870641227743524269e+02,2.962144204243493277e+02,4.811757914745376183e+02,5.393754157224952905e+02,8.568702254176182578e+02,3.079458085123234014e+03,3.694274928998311225e+03,5.077512039709488818e+03,7.113788523560366230e+03,7.769036815377061430e+03,8.645960535150836222e+03,1.414498690976714715e+04,1.718415880633272172e+04,1.691193961969190423e+04,1.118885926470893173e+04,7.465709742491708312e+03,2.584040725192109676e+03
6.233600636663734207e-01,3.140791131319365377e+02,2.013645019254774979e+02,3.230397873323652220e+02,2.317732038080638404e+02,3.374485779925216775e+02,2.416924979388609245e+02,3.545075742824758436e+02,1.683882997628656540e+03,1.895541962645557305e+03,2.345634127933725722e+03,3.977331386102578108e+03,5.715907469536841745e+03,5.428920673480079131e+03,1.238873071464715758e+04,1.281916747835183196e+04,1.366635949110923684e+04,1.092579154497769923e+04,7.824209033521405217e+03,2.783596184144639665e+03
1.591172605249614236e+00,2.634811502855936851e+02,1.680583260181344940e+02,2.557433260693937882e+02,1.746209050901804858e+02,2.007188255066539568e+02,2.127138775296698441e+02,2.783437693733358174e+02,7.601319063545197423e+02,1.055803094627261999e+03,1.267781775818764800e+03,2.901487106203319854e+03,2.866546359352389118e+03,4.041393726937167230e+03,8.115991031222321908e+03,1.202566452862607548e+04,1.190716161155152076e+04,9.843383730728506634e+03,7.836090122702174995e+03,2.940053093583872396e+03
4.072996191321525572e+00,8.295745779681492422e+02,5.938715028461231213e+02,9.036457757118025711e+02,6.213321476445848930e+02,6.648405999462611362e+02,9.202106466575487502e+02,1.323367005452409103e+03,6.332764516489802190e+03,6.817279235615505968e+03,8.816421883169245120e+03,1.350776429831620044e+04,1.543940065967644477e+04,1.684871870057256456e+04,2.876455425819066295e+04,3.298373684598562249e+04,3.491468295383214718e+04,2.195523345693304145e+04,1.438677852802523557e+04,4.843082480491653769e+03
7.891666052045742674e-02,8.181886408410232434e+02,8.298476169603667586e+03,1.288804992567748741e+04,3.449854686009348370e+02,1.534597331662403121e+03,1.095805297831971075e+04,8.018235187870492155e+03,2.117027135058674503e+03,2.978755410452621618e+03,2.369779091763623910e+03,3.571588329085163423e+03,4.195455824241915252e+03,4.700638909049914218e+03,1.089318779451968294e+04,1.211106563259151881e+04,1.238235263564124034e+04,8.209020338647351309e+03,6.279785753521187871e+03,2.233319800067341930e+03
1.305424442274780716e-01,6.691361998276206577e+02,2.748500105109217202e+02,4.289542381419910271e+02,3.309034720292538623e+02,8.142466937859626341e+02,7.565029266215206007e+02,1.030873566688548863e+03,6.581838563804587466e+03,7.209533509818596940e+03,9.674037530112849709e+03,1.062680072128597021e+04,1.171325570602081825e+04,1.098665945179891969e+04,1.113587042132042552e+04,1.316773340323600132e+04,1.248578115718765184e+04,4.483474404228982166e+03,2.624169390997827577e+03,7.837790475433448592e+02
3.109937389057510160e+00,3.253534970409946254e+02,2.838897851490580706e+02,5.025959989502532608e+02,2.481782121425092100e+02,3.204100549363110986e+02,3.187835081364901271e+02,4.898967099738931665e+02,9.199985311554191867e+02,1.175842412841929217e+03,9.176819165638848972e+02,3.422653348202540656e+03,3.930026817582183867e+03,4.736408322799092275e+03,7.493742254920285632e+03,1.253100573049646482e+04,9.286764491969661321e+03,6.943623416453010577e+03,3.984125154804600243e+03,1.320922364575685151e+03
4.073039728052204822e+00,1.804115361979707814e+03,6.791026987818304406e+02,1.043529227180939415e+03,8.943148194209711619e+02,1.366524067879192444e+03,1.093124329206485982e+03,1.572726329412013911e+03,9.137359205782657227e+03,9.076886142074916279e+03,1.182607637497834548e+04,1.963657157250152886e+04,2.265218908602775264e+04,2.408715842016512397e+04,4.127441123728058301e+04,4.770871158695491613e+04,4.698788570642558625e+04,2.675441094670086022e+04,1.699263171227002022e+04,5.600552889317459631e+03
6.766959967405687948e-01,1.311668998183454278e+02,1.201441349616587786e+02,1.337736931636560485e+02,1.377039716374352452e+02,1.121957667373617369e+02,1.602492921691016363e+02,1.815239440580323844e+02,7.621534534172137683e+02,9.576570407358826742e+02,8.910974911206194520e+02,2.384277478536771014e+03,2.882640332588116507e+03,3.330301417564414805e+03,5.972701998440668831e+03,9.094398383911033307e+03,4.983359119767213997e+03,4.737345900900600100e+03,3.083462213816026633e+03,1.003333368100162261e+03
2.079767978295507191e+00,7.212468961615759326e+02,5.355544832319869784e+02,6.598080893696142084e+02,5.740852881946725574e+02,7.474651082553473316e+02,7.970564920307733701e+02,1.257389476271111562e+03,5.674277636439568596e+03,6.042345021256873224e+03,8.755564171058396823e+03,1.237961844175110309e+04,1.505780493992111587e+04,1.768737897509168397e+04,3.264384441000618972e+04,3.199211440569264232e+04,3.473355217853211798e+04,2.638032005764708447e+04,1.751668788797993329e+04,5.857548889470515860e+03
7.905123166425909176e-02,1.851282423820015538e+03,1.153946687463746457e+03,1.748014350861697039e+03,1.140903736553440467e+03,3.523512932266202370e+03,3.550872441423386590e+03,5.359641658207208820e+03,3.264191715258526528e+04,4.225410662076379958e+04,6.033487253438144398e+04,3.600272041210240423e+04,4.300380447726017883e+04,5.335950794054292055e+04,4.458842984326719306e+04,4.703385065343105816e+04,4.854931223944143858e+04,2.605892195393558359e+04,2.981825014123458823e+04,1.059123495030503909e+04
1.345066327224275682e+01,5.877553806565133527e+03,5.928992798729437709e+03,7.512868518272586698e+03,3.706533851060192319e+03,2.151198131751179608e+04,2.994717829256197729e+04,3.828056848218900996e+04,1.459237360007571406e+05,1.625086115893002425e+05,1.907381203073632496e+05,1.422235491112162417e+05,1.979521081131974061e+05,2.245900966256745160e+05,1.917095172651837056e+05,1.457509220061701490e+05,1.399030679052883061e+05,7.496058301107189618e+04,3.287201482850563480e+04,8.947401662812335417e+03
2.838693411656812771e+00,8.140420147840695790e+02,2.119894644978162432e+02,7.547887561718225697e+02,8.226287610279464388e+02,8.790514884038748278e+02,6.902329604971437220e+02,1.274273608134401911e+03,6.887011686918678606e+03,8.612287582060987916e+03,1.223334984241015627e+04,1.801066677275468828e+04,1.750595951729069930e+04,2.522956955665066198e+04,3.490688663670330425e+04,4.150336724278866313e+04,3.889049351468149689e+04,2.415440400978527032e+04,1.915433720740933495e+04,6.681799939025680942e+03
-4.155140447235581291e-01,8.549240529231501569e+02,8.962747582031465754e+02,1.374390119341333047e+03,5.824179476643380440e+02,3.259835990967985708e+03,3.622228449878030460e+03,4.860321850009162517e+03,2.136230771538644694e+04,2.603448196448330418e+04,3.050966820633419775e+04,2.208061675203152117e+04,2.528742016445594345e+04,3.008378994870009046e+04,2.393134228408332274e+04,2.278462907125620404e+04,1.951580421062756795e+04,9.882841953369497787e+03,4.100589792690923787e+03,1.436784129730884160e+03
9.328996450651658279e+00,3.154984492053617942e+03,2.571875967052533269e+03,3.433035152074917278e+03,2.768762194820868899e+03,6.086202909066319990e+03,6.921715060072507185e+03,1.148126434360176791e+04,5.208825608494329936e+04,8.050929627058448386e+04,8.910259842944545380e+04,1.170105505762436806e+05,1.007217059242916002e+05,1.552422623338300909e+05,1.600073154307513614e+05,1.812105828452805290e+05,1.513038296346806455e+05,9.819879007662448566e+04,6.351570052577770548e+04,2.049029856222885428e+04
1.252019260022260028e+01,9.704540385441116086e+03,9.314637073926964149e+03,1.243028071965737763e+04,7.528829537398813954e+03,2.994215977494916297e+04,3.631534784952811606e+04,5.005216443164848897e+04,1.728745010616330837e+05,2.712668178889473784e+05,3.210027302293315297e+05,3.200650889785241452e+05,2.427581655510512937e+05,3.640426338559805881e+05,2.788080409330616822e+05,3.331645088924196898e+05,2.733985102482047514e+05,1.313208728909892961e+05,7.366491170020870049e+04,2.265133583905803971e+04
1.959101157195740228e+01,2.095920724463383158e+04,6.828794896241377864e+04,4.708519825512192619e+04,2.025156064450298800e+04,9.873368350374944566e+04,1.843520564812194207e+05,1.579808301661727601e+05,4.003187441549166106e+05,6.085199027250614017e+05,7.760044473724225536e+05,7.039671986861499026e+05,4.568310642608366325e+05,6.680921515235794941e+05,4.132150887299092137e+05,5.338009317285759607e+05,4.373773639704198577e+05,1.478280299050990725e+05,7.127793544259027112e+04,2.000779718410973874e+04
2.035293898840755844e+00,2.517810415957696023e+03,1.509908939482246751e+03,2.760660310678207679e+03,2.272955866306690041e+03,4.111323816948965032e+03,4.790506324769448838e+03,8.606867051512232138e+03,3.779580657562411216e+04,6.836277291722707741e+04,8.471194181906916492e+04,9.086819633178025833e+04,6.538760344280974823e+04,9.690612811016023625e+04,8.009013665471359855e+04,1.067223986353244400e+05,9.634965065254521323e+04,3.573676214911136776e+04,2.334117687084880890e+04,7.295980615449436300e+03
1.325979981720133338e+01,9.154691249636616703e+03,1.133092158979403575e+04,1.374540067301553063e+04,6.397897797171430284e+03,5.028576908793437178e+04,5.816781724687799579e+04,7.542185580207797466e+04,2.069118789312346780e+05,2.730175989607684314e+05,4.171313239634927013e+05,3.043143892262767768e+05,2.288483780154249107e+05,3.237383320562234148e+05,2.074085951490778243e+05,2.534617249058327288e+05,2.309462031506432686e+05,7.787086554649734171e+04,3.951123952362532145e+04,1.059493601113574550e+04
1.649515360194284241e+00,1.366819523995654890e+02,1.036519822830160820e+02,1.374053853905957112e+02,1.186013468888191937e+02,1.218661428806772165e+02,1.177718847193427791e+02,1.533808136884508713e+02,3.064770383797708746e+02,3.590400392683122845e+02,4.373079713466050862e+02,1.439776521042656896e+03,1.472799968982770224e+03,1.849456100127257741e+03,3.228031801433924556e+03,5.661424438195132097e+03,2.471557700775027115e+03,3.333665687223558052e+03,2.508029094240671839e+03,8.704891622248105705e+02
6.271894943062150674e-01,3.127530921835557820e+03,1.818113910789739748e+03,2.572266128066211422e+03,2.092786704395058223e+03,5.475062785960471956e+03,5.684983027123971624e+03,1.137631508061513159e+04,4.015775428594116966e+04,5.680036236689341604e+04,6.913318565562902950e+04,8.349466484412099817e+04,7.290108803626813460e+04,8.715930376913695363e+04,8.732333662843052298e+04,8.805988637916039443e+04,8.210082856048305985e+04,4.109176743895711843e+04,2.308330220552437822e+04,7.624997748905123444e+03
8.567724892241578516e+00,4.473196978037696681e+03,4.255675818360668927e+03,6.028165992548174472e+03,3.804809457014604050e+03,1.030333695438839277e+04,1.447328199409896843e+04,2.106436623826134746e+04,8.362052053984915256e+04,1.279911227954372735e+05,1.476056586157756101e+05,1.596828973764849943e+05,1.338279355830707063e+05,1.901418219453335041e+05,1.876672132374718785e+05,2.051386344170544180e+05,1.795355396939622005e+05,9.854315831046755193e+04,5.041763929704834300e+04,1.485994051521647634e+04
1.499289169188155313e+01,1.261928192564957135e+04,1.054560671827745682e+04,1.373403789113863240e+04,8.830098750008506613e+03,3.284822817674372345e+04,4.001420980768984009e+04,5.990657525789027568e+04,2.694403197432062589e+05,4.069888587310095900e+05,5.084631250081749167e+05,4.973799013512320817e+05,4.071922901076001581e+05,5.433299843775818590e+05,4.896216186295205262e+05,5.404724052946097218e+05,4.674944838255397044e+05,2.194145987597003113e+05,1.020523859619801224e+05,2.765445867730153986e+04
3.436799991996440440e+01,9.734953278926874191e+03,5.140635903357499046e+03,8.400931631570623722e+03,7.994182422166730248e+03,9.519145371566046379e+03,8.628046356572442164e+03,1.619330951824462682e+04,9.044929815156111727e+04,1.749436963414458733e+05,2.180819592651542625e+05,3.292038281351206242e+05,2.363439778258150909e+05,4.340536882155075436e+05,4.423292085431942251e+05,5.141984989952368196e+05,5.018841266388662625e+05,2.738071588586308062e+05,1.468053882374926470e+05,4.313139519383037987e+04
1.276189924396949493e+01,9.214320986787846778e+03,5.089951491195910421e+03,9.337154689971293919e+03,7.889442211697505627e+03,1.469162342413402439e+04,1.395387369961102377e+04,2.766688893983376693e+04,1.007201193896345794e+05,1.885258939725900418e+05,2.341387548760943173e+05,2.970551688163231593e+05,2.090960470153641654e+05,3.617191461705350666e+05,3.462352176980013028e+05,4.473352415521815419e+05,4.444010311629223870e+05,1.932401786919474835e+05,1.134160595484072401e+05,3.373364846376694913e+04
1.094612898543761759e+00,7.408758509291892551e+02,4.335563679344077173e+02,7.295360795345727638e+02,6.623184472694315446e+02,7.281055513759047244e+02,5.816098873387159074e+02,9.971319878830222478e+02,2.464846411699087184e+03,3.605875471567982459e+03,5.491912676397474570e+03,8.659982848760293564e+03,8.224470277437416371e+03,1.628796629155537084e+04,2.301111877974735398e+04,2.212584950853834744e+04,2.131029218492133077e+04,1.973721003497365746e+04,1.444932967448394629e+04,4.476180050866081729e+03
1.455872991802073102e+01,6.526696731687850843e+03,4.200025827934239715e+03,6.703060100787221018e+03,4.935736183699824323e+03,9.161912784728254337e+03,7.451508891921670511e+03,1.462101804504134270e+04,6.115216387308434059e+04,1.206728669968989707e+05,1.509834742258301412e+05,2.031200388525418530e+05,1.620161038362801773e+05,2.591343982240175828e+05,2.908190606459580595e+05,3.280378314676316222e+05,3.147126480621614028e+05,1.714270104897454730e+05,8.473322968484184821e+04,2.457544731554803730e+04
-1.805713570647071720e-02,1.930870493268284918e+03,3.928117145655960485e+01,1.329774262816588816e+03,9.607294049026586436e+02,4.066689927292110951e+03,9.844495548468767083e+02,3.645228234578051342e+03,1.048200504425054532e+04,2.507379230980781722e+04,4.022887660847138613e+04,4.046554658101138193e+04,1.827973852162534604e+04,4.956514536439714720e+04,2.821006033462623600e+04,7.312754580438125413e+04,7.287815777065430302e+04,2.584235107384138973e+04,1.587330520973308012e+04,4.655951226676195802e+03
2.657149725276485697e+01,6.737675957914703758e+03,3.788317829119725502e+03,8.028245707705966197e+03,6.738780194386778021e+03,1.746466315332185331e+04,1.301221565672619181e+04,3.056402683630361935e+04,1.327420583062092483e+05,2.626969987349145231e+05,3.527396550339245587e+05,4.193030469425669289e+05,2.245002861951857340e+05,3.902638465775969671e+05,3.496273546055476181e+05,4.004290935285540763e+05,4.313914479510860983e+05,1.759496363609805703e+05,1.027805563617714797e+05,2.778173864568978024e+04
5.124344932054222568e+01,1.668155897579430166e+04,9.938094037697715976e+03,1.515030909023313870e+04,1.294796540711207126e+04,1.873693266654908075e+04,1.634077592747915332e+04,3.335847556392883416e+04,2.714280829681898467e+05,4.336284885156619130e+05,6.083250730020022020e+05,7.890760033294822788e+05,6.404243715142480796e+05,9.587356361551393056e+05,1.097836811610770179e+06,1.251424395832042908e+06,1.237796823358473368e+06,5.855966327855230775e+05,2.810269455802991870e+05,7.462278907012217678e+04
2.256749371584373876e+01,6.250176261119366245e+03,4.054814994558266335e+03,6.014032893371677346e+03,5.982433634278553654e+03,7.988105201407044660e+03,7.682290040120922640e+03,1.507989847734849900e+04,6.582235051177017158e+04,1.159259805385958462e+05,1.555119707873174630e+05,2.346360068267292227e+05,1.799552899020527257e+05,2.881327704959528055e+05,4.111533075798773207e+05,4.984136733872250188e+05,4.795243259300831705e+05,2.714630276923492784e+05,1.713623309803461889e+05,5.052873122352064820e+04
6.585284233554418165e-01,1.383964581013233328e+02,1.229198229611577062e+02,1.825443465618936898e+02,1.229781444381006850e+02,2.174962976890465143e+02,1.708320301254730111e+02,2.745017388611522620e+02,6.955096945800132744e+02,6.257295498616558689e+02,5.190583446730342985e+02,2.061126357043078315e+03,2.498964343324081710e+03,2.305639871536222927e+03,5.205251547239378851e+03,4.950135031088662799e+03,4.779832226817088667e+03,3.092124776551299874e+03,1.871187595807468824e+03,5.752758482624685712e+02
5.652134439876391525e+00,4.857200828577522771e+03,2.205741432270009682e+03,5.020435536529745150e+03,3.750503118747154076e+03,6.119127480506875145e+03,6.703463972848207050e+03,1.437489905414984969e+04,4.330339138673365233e+04,9.551413138505211100e+04,1.653498583043446997e+05,1.719027880220751395e+05,9.246911756895674625e+04,1.881371095953030162e+05,1.932558148480179952e+05,2.517202401602888713e+05,2.572384051911545685e+05,1.050392255606002873e+05,6.285891613950030296e+04,1.709159531640611385e+04
-3.179040305694115887e+00,4.624693741819344723e+03,3.141507237338537379e+03,7.196635616379087878e+03,5.229061201864213217e+03,1.674913879647938666e+04,1.661021608788619415e+04,3.225185430680681384e+04,8.499305722389227594e+04,1.781370326176718227e+05,1.706761550459832943e+05,1.968452121170123573e+05,1.078388165214676410e+05,2.533164154473963426e+05,1.619469989996908698e+05,2.713927954335606191e+05,3.432672031730450690e+05,9.256877374289359432e+04,7.157323594113657600e+04,1.865831974629111937e+04
-6.628220168141865543e+00,1.265887046990943782e+04,8.061587927019420022e+03,1.677000525041284345e+04,8.480063362010536366e+03,3.242115362546966571e+04,4.458227898896420083e+04,7.895308049937969190e+04,3.005899218282122747e+05,4.739909041265689884e+05,4.017321035679616034e+05,3.424686988416580716e+05,3.370021116696933750e+05,5.787076201314468635e+05,3.558838012383291498e+05,5.460279508082368411e+05,3.437376703127468936e+05,1.524547111887551146e+05,9.291022016360267298e+04,2.567891740141111950e+04
9.630604183593298728e-01,1.351710071769172828e+03,5.446695143381912203e+02,7.880803429000361575e+02,8.849159231573107718e+02,3.524100057674711934e+03,4.142931495440408980e+03,6.442214374563332058e+03,3.098965475970077387e+04,3.869463264771875401e+04,5.327458268116020190e+04,3.625814749357035907e+04,3.075154926831796183e+04,3.890951852048262663e+04,2.545658664710939047e+04,2.392403097191874986e+04,2.118709546471195063e+04,9.635717968234996079e+03,6.465535144062218023e+03,1.719585776221261767e+03
1.488749911869017239e+01,6.005367694336113345e+03,3.451365835621458245e+03,5.309354344491124721e+03,4.219986644144260936e+03,7.765900913325585861e+03,6.781340641485956439e+03,1.327815717997239335e+04,6.866896977822206100e+04,1.174370131401212275e+05,1.670506666736496845e+05,1.827863190943535301e+05,1.537208716627542744e+05,2.234890791829263326e+05,1.986248266031942330e+05,3.044329762916183099e+05,2.753677564656904433e+05,1.255885588409097400e+05,5.562669144450270687e+04,1.477119969118591689e+04
9.709659328974872494e+00,6.638225826846140990e+03,3.951004803780468137e+03,5.936052986147916272e+03,4.604511042081261621e+03,4.833908391687366020e+03,5.449482733781954266e+03,7.885226904684470355e+03,5.022867273630879208e+04,6.968663761579133279e+04,1.006555805489518825e+05,8.920179631381643412e+04,1.003002514166386973e+05,1.255697456534553930e+05,1.546388761641837191e+05,1.551783728001936979e+05,1.575823448743275658e+05,8.975022409517774940e+04,4.680405938265465375e+04,1.463876927587993123e+04
-7.301863974874066798e+00,2.121155422066018218e+04,1.642172867853378193e+04,2.632222953127682194e+04,1.537321065688286035e+04,5.355067622346921416e+04,6.261878901724181196e+04,9.405128218484454555e+04,3.243683668635116192e+05,5.008341436419076053e+05,5.094982446355383145e+05,5.734844459481338272e+05,4.234407861379180104e+05,6.268077007062049815e+05,4.504732803174252622e+05,7.301603984771056566e+05,5.998807575290349778e+05,2.186497949406465050e+05,1.173931822858187370e+05,3.232329242153865926e+04
1.432996294124979642e+00,4.977108764176709883e+02,4.718902846959099406e+02,6.339728570380129895e+02,3.364653541801608299e+02,4.963342324082559571e+02,6.494512122498254030e+02,1.173055795815766032e+03,5.390502631309656863e+03,4.116101585486017939e+03,3.618944640713241824e+03,1.060604638630841509e+04,1.823959928014109028e+04,1.865022529864868557e+04,4.225322698793309974e+04,1.997623743904352887e+04,2.591777839854941703e+04,3.117125071247255255e+04,2.320654119797072781e+04,8.389063777226854654e+03
2.830495010713269721e+01,9.455536291516360507e+03,4.219322357426441158e+03,7.982472601072346151e+03,7.070915545347783336e+03,9.493176289849569002e+03,6.760121647153482627e+03,1.399425706554983481e+04,6.964412573452468496e+04,1.320747579771387391e+05,1.688005061443445156e+05,3.310499081098568859e+05,2.388956619575110963e+05,4.166578494299491867e+05,5.443379049443758558e+05,7.001172749689926859e+05,7.264797794883607421e+05,3.263910431160962908e+05,2.025728792078131228e+05,5.504197875363408821e+04
2.574087027885063605e+00,6.350417891823753962e+02,3.831288083765211923e+02,6.541838703364132925e+02,4.455542267410041859e+02,4.282920877036240199e+02,4.345944530795823084e+02,7.507768766799854347e+02,1.634328213472987045e+03,2.126601579587007109e+03,2.609726907505657437e+03,5.524378851601126371e+03,6.138731161840802088e+03,7.221008654471090267e+03,1.367592600006891735e+04,2.706690554811724724e+04,2.622912790083925938e+04,1.018657212114059075e+04,8.773804869904342922e+03,2.926967927581803451e+03
